BATAC CITY|CITY OF BATAC
CANDON CITY|CITY OF CANDON
VIGAN CITY|CITY OF VIGAN
SAN FERNANDO CITY|CITY OF SAN FERNANDO
ALAMINOS CITY|CITY OF ALAMINOS
URDANETA CITY|CITY OF URDANETA
CAUAYAN CITY|CITY OF CAUAYAN
SANTIAGO CITY|CITY OF SANTIAGO
BALANGA CITY|CITY OF BALANGA
MALOLOS CITY|CITY OF MALOLOS
MEYCAUAYAN CITY|CITY OF MEYCAUAYAN
SAN JOSE DEL MONTE CITY|CITY OF SAN JOSE DEL MONTE
GAPAN CITY|CITY OF GAPAN
MUOZ CITY|SCIENCE CITY OF MUOZ
TARLAC CITY|CITY OF TARLAC
MATAAS NA KAHOY|MATAASNAKAHOY
TANAUAN CITY|CITY OF TANAUAN
DASMARIAS|CITY OF DASMARIAS
GENERAL MARIANO ALVAREZ|GEN. MARIANO ALVAREZ
BIAN|CITY OF BIAN
CALAMBA CITY|CITY OF CALAMBA
SANTA ROSA CITY|CITY OF SANTA ROSA
TAYABAS CITY|CITY OF TAYABAS
ANTIPOLO CITY|CITY OF ANTIPOLO
LIGAO CITY|CITY OF LIGAO
TABACO CITY|CITY OF TABACO
SAGNAY|SAGAY
MASBATE CITY|CITY OF MASBATE
SORSOGON CITY|CITY OF SORSOGON
DUENAS|DUEAS
PASSI CITY|CITY OF PASSI
ENRIQUE B. MAGALONA|ENRIQUE B. MAGALONA (SARAVIA)
ESCALANTE CITY|CITY OF ESCALANTE
HIMAMAYLAN CITY|CITY OF HIMAMAYLAN
KABANKALAN CITY|CITY OF KABANKALAN
SIPALAY CITY|CITY OF SIPALAY
TALISAY CITY|CITY OF TALISAY
VICTORIAS CITY|CITY OF VICTORIAS
ALBUQUERQUE|ALBURQUERQUE
BOGO CITY|CITY OF BOGO
CARCAR|CITY OF CARCAR
NAGA CITY|CITY OF NAGA
BAYAWAN CITY|CITY OF BAYAWAN
GUIHULNGAN CITY|CITY OF GUIHULNGAN
TANJAY CITY|CITY OF TANJAY
BORONGAN CITY|CITY OF BORONGAN
BAYBAY CITY|CITY OF BAYBAY
CATBALOGAN CITY|CITY OF CATBALOGAN
SANTO NINO|SANTO NIO
MAASIN CITY|CITY OF MAASIN
PINAN|PIAN
SERGIO OSMENA SR.|SERGIO OSMEA SR.
MALAYBALAY CITY|CITY OF MALAYBALAY
VALENCIA CITY|CITY OF VALENCIA
EL SALVADOR CITY|CITY OF EL SALVADOR
PANABO CITY|CITY OF PANABO
SAMAL CITY|ISLAND GARDEN CITY OF SAMAL
TAGUM CITY|CITY OF TAGUM
DIGOS CITY|CITY OF DIGOS
MATI CITY|CITY OF MATI
KIDAPAWAN CITY|CITY OF KIDAPAWAN
KORONADAL CITY|CITY OF KORONADAL
TACURONG CITY|CITY OF TACURONG
MANILA|CITY OF MANILA
MANDALUYONG|CITY OF MANDALUYONG
MARIKINA|CITY OF MARIKINA
PASIG CITY|CITY OF PASIG
SAN JUAN|CITY OF SAN JUAN
KALOOKAN CITY|CALOOCAN CITY
MALABON|CITY OF MALABON
NAVOTAS|CITY OF NAVOTAS
VALENZUELA|CITY OF VALENZUELA
LAS PIAS|CITY OF LAS PIAS
MAKATI CITY|CITY OF MAKATI
MUNTINLUPA|CITY OF MUNTINLUPA
PARAAQUE|CITY OF PARAAQUE
TAGUIG|TAGUIG CITY
TABUK CITY|CITY OF TABUK
LAMITAN CITY|CITY OF LAMITAN
BACOLOD KALAWI|BACOLOD-KALAWI
LUMBACA UNAYAN|LUMBACA-UNAYAN
DATU ABDULLAH SANKI|DATU ABDULLAH SANGKI
CABADBARAN CITY|CITY OF CABADBARAN
BAYUGAN CITY|CITY OF BAYUGAN
BISLIG CITY|CITY OF BISLIG
TANDAG CITY|CITY OF TANDAG
CALAPAN CITY|CITY OF CALAPAN
SOFRONIO ESPANOLA|SOFRONIO ESPAOLA
ADAMS|ADAMS
BACARRA|BACARRA
BADOC|BADOC
BANGUI|BANGUI
BURGOS|BURGOS
CARASI|CARASI
CURRIMAO|CURRIMAO
DINGRAS|DINGRAS
DUMALNEG|DUMALNEG
BANNA|BANNA
LAOAG CITY|LAOAG CITY
MARCOS|MARCOS
NUEVA ERA|NUEVA ERA
PAGUDPUD|PAGUDPUD
PAOAY|PAOAY
PASUQUIN|PASUQUIN
PIDDIG|PIDDIG
PINILI|PINILI
SAN NICOLAS|SAN NICOLAS
SARRAT|SARRAT
SOLSONA|SOLSONA
VINTAR|VINTAR
ALILEM|ALILEM
BANAYOYO|BANAYOYO
BANTAY|BANTAY
CABUGAO|CABUGAO
CAOAYAN|CAOAYAN
CERVANTES|CERVANTES
GALIMUYOD|GALIMUYOD
GREGORIO DEL PILAR|GREGORIO DEL PILAR
LIDLIDDA|LIDLIDDA
MAGSINGAL|MAGSINGAL
NAGBUKEL|NAGBUKEL
NARVACAN|NARVACAN
QUIRINO|QUIRINO
SALCEDO|SALCEDO
SAN EMILIO|SAN EMILIO
SAN ESTEBAN|SAN ESTEBAN
SAN ILDEFONSO|SAN ILDEFONSO
SAN VICENTE|SAN VICENTE
SANTA|SANTA
SANTA CATALINA|SANTA CATALINA
SANTA CRUZ|SANTA CRUZ
SANTA LUCIA|SANTA LUCIA
SANTA MARIA|SANTA MARIA
SANTIAGO|SANTIAGO
SANTO DOMINGO|SANTO DOMINGO
SIGAY|SIGAY
SINAIT|SINAIT
SUGPON|SUGPON
SUYO|SUYO
TAGUDIN|TAGUDIN
AGOO|AGOO
ARINGAY|ARINGAY
BACNOTAN|BACNOTAN
BAGULIN|BAGULIN
BALAOAN|BALAOAN
BANGAR|BANGAR
BAUANG|BAUANG
CABA|CABA
LUNA|LUNA
NAGUILIAN|NAGUILIAN
PUGO|PUGO
ROSARIO|ROSARIO
SAN GABRIEL|SAN GABRIEL
SANTO TOMAS|SANTO TOMAS
SANTOL|SANTOL
SUDIPEN|SUDIPEN
TUBAO|TUBAO
AGNO|AGNO
AGUILAR|AGUILAR
ALCALA|ALCALA
ANDA|ANDA
ASINGAN|ASINGAN
BALUNGAO|BALUNGAO
BANI|BANI
BASISTA|BASISTA
BAUTISTA|BAUTISTA
BAYAMBANG|BAYAMBANG
BINALONAN|BINALONAN
BINMALEY|BINMALEY
BOLINAO|BOLINAO
BUGALLON|BUGALLON
CALASIAO|CALASIAO
DAGUPAN CITY|DAGUPAN CITY
DASOL|DASOL
INFANTA|INFANTA
LABRADOR|LABRADOR
LINGAYEN|LINGAYEN
MABINI|MABINI
MALASIQUI|MALASIQUI
MANAOAG|MANAOAG
MANGALDAN|MANGALDAN
MANGATAREM|MANGATAREM
MAPANDAN|MAPANDAN
NATIVIDAD|NATIVIDAD
POZZORUBIO|POZZORUBIO
ROSALES|ROSALES
SAN CARLOS CITY|SAN CARLOS CITY
SAN FABIAN|SAN FABIAN
SAN JACINTO|SAN JACINTO
SAN MANUEL|SAN MANUEL
SAN QUINTIN|SAN QUINTIN
SANTA BARBARA|SANTA BARBARA
SISON|SISON
SUAL|SUAL
TAYUG|TAYUG
UMINGAN|UMINGAN
URBIZTONDO|URBIZTONDO
VILLASIS|VILLASIS
LAOAC|LAOAC
BASCO|BASCO
ITBAYAT|ITBAYAT
IVANA|IVANA
MAHATAO|MAHATAO
SABTANG|SABTANG
UYUGAN|UYUGAN
ABULUG|ABULUG
ALLACAPAN|ALLACAPAN
AMULUNG|AMULUNG
APARRI|APARRI
BAGGAO|BAGGAO
BALLESTEROS|BALLESTEROS
BUGUEY|BUGUEY
CALAYAN|CALAYAN
CAMALANIUGAN|CAMALANIUGAN
CLAVERIA|CLAVERIA
ENRILE|ENRILE
GATTARAN|GATTARAN
GONZAGA|GONZAGA
IGUIG|IGUIG
LAL-LO|LAL-LO
LASAM|LASAM
PAMPLONA|PAMPLONA
PEABLANCA|PEABLANCA
PIAT|PIAT
RIZAL|RIZAL
SANCHEZ-MIRA|SANCHEZ-MIRA
SANTA ANA|SANTA ANA
SANTA PRAXEDES|SANTA PRAXEDES
SANTA TERESITA|SANTA TERESITA
SANTO NIO|SANTO NIO
SOLANA|SOLANA
TUAO|TUAO
TUGUEGARAO CITY|TUGUEGARAO CITY
ALICIA|ALICIA
ANGADANAN|ANGADANAN
AURORA|AURORA
BENITO SOLIVEN|BENITO SOLIVEN
CABAGAN|CABAGAN
CABATUAN|CABATUAN
CORDON|CORDON
DINAPIGUE|DINAPIGUE
DIVILACAN|DIVILACAN
ECHAGUE|ECHAGUE
GAMU|GAMU
ILAGAN|ILAGAN
JONES|JONES
MACONACON|MACONACON
DELFIN ALBANO|DELFIN ALBANO
MALLIG|MALLIG
PALANAN|PALANAN
QUEZON|QUEZON
RAMON|RAMON
REINA MERCEDES|REINA MERCEDES
ROXAS|ROXAS
SAN AGUSTIN|SAN AGUSTIN
SAN GUILLERMO|SAN GUILLERMO
SAN ISIDRO|SAN ISIDRO
SAN MARIANO|SAN MARIANO
SAN MATEO|SAN MATEO
SAN PABLO|SAN PABLO
TUMAUINI|TUMAUINI
AMBAGUIO|AMBAGUIO
ARITAO|ARITAO
BAGABAG|BAGABAG
BAMBANG|BAMBANG
BAYOMBONG|BAYOMBONG
DIADI|DIADI
DUPAX DEL NORTE|DUPAX DEL NORTE
DUPAX DEL SUR|DUPAX DEL SUR
KASIBU|KASIBU
KAYAPA|KAYAPA
SANTA FE|SANTA FE
SOLANO|SOLANO
VILLAVERDE|VILLAVERDE
ALFONSO CASTANEDA|ALFONSO CASTANEDA
AGLIPAY|AGLIPAY
CABARROGUIS|CABARROGUIS
DIFFUN|DIFFUN
MADDELA|MADDELA
SAGUDAY|SAGUDAY
NAGTIPUNAN|NAGTIPUNAN
ABUCAY|ABUCAY
BAGAC|BAGAC
DINALUPIHAN|DINALUPIHAN
HERMOSA|HERMOSA
LIMAY|LIMAY
MARIVELES|MARIVELES
MORONG|MORONG
ORANI|ORANI
ORION|ORION
PILAR|PILAR
ANGAT|ANGAT
BALAGTAS|BALAGTAS
BALIUAG|BALIUAG
BOCAUE|BOCAUE
BULACAN|BULACAN
BUSTOS|BUSTOS
CALUMPIT|CALUMPIT
GUIGUINTO|GUIGUINTO
HAGONOY|HAGONOY
MARILAO|MARILAO
NORZAGARAY|NORZAGARAY
OBANDO|OBANDO
PANDI|PANDI
PAOMBONG|PAOMBONG
PLARIDEL|PLARIDEL
PULILAN|PULILAN
SAN MIGUEL|SAN MIGUEL
SAN RAFAEL|SAN RAFAEL
DOA REMEDIOS TRINIDAD|DOA REMEDIOS TRINIDAD
ALIAGA|ALIAGA
BONGABON|BONGABON
CABANATUAN CITY|CABANATUAN CITY
CABIAO|CABIAO
CARRANGLAN|CARRANGLAN
CUYAPO|CUYAPO
GABALDON|GABALDON
GENERAL MAMERTO NATIVIDAD|GENERAL MAMERTO NATIVIDAD
GENERAL TINIO|GENERAL TINIO
GUIMBA|GUIMBA
JAEN|JAEN
LAUR|LAUR
LICAB|LICAB
LLANERA|LLANERA
LUPAO|LUPAO
NAMPICUAN|NAMPICUAN
PALAYAN CITY|PALAYAN CITY
PANTABANGAN|PANTABANGAN
PEARANDA|PEARANDA
SAN ANTONIO|SAN ANTONIO
SAN JOSE CITY|SAN JOSE CITY
SAN LEONARDO|SAN LEONARDO
SANTA ROSA|SANTA ROSA
TALAVERA|TALAVERA
TALUGTUG|TALUGTUG
ZARAGOZA|ZARAGOZA
ANGELES CITY|ANGELES CITY
APALIT|APALIT
ARAYAT|ARAYAT
BACOLOR|BACOLOR
CANDABA|CANDABA
FLORIDABLANCA|FLORIDABLANCA
GUAGUA|GUAGUA
LUBAO|LUBAO
MABALACAT|MABALACAT
MACABEBE|MACABEBE
MAGALANG|MAGALANG
MASANTOL|MASANTOL
MEXICO|MEXICO
MINALIN|MINALIN
PORAC|PORAC
SAN LUIS|SAN LUIS
SAN SIMON|SAN SIMON
SANTA RITA|SANTA RITA
SASMUAN|SASMUAN
ANAO|ANAO
BAMBAN|BAMBAN
CAMILING|CAMILING
CAPAS|CAPAS
CONCEPCION|CONCEPCION
GERONA|GERONA
LA PAZ|LA PAZ
MAYANTOC|MAYANTOC
MONCADA|MONCADA
PANIQUI|PANIQUI
PURA|PURA
RAMOS|RAMOS
SAN CLEMENTE|SAN CLEMENTE
SANTA IGNACIA|SANTA IGNACIA
VICTORIA|VICTORIA
SAN JOSE|SAN JOSE
BOTOLAN|BOTOLAN
CABANGAN|CABANGAN
CANDELARIA|CANDELARIA
CASTILLEJOS|CASTILLEJOS
IBA|IBA
MASINLOC|MASINLOC
OLONGAPO CITY|OLONGAPO CITY
PALAUIG|PALAUIG
SAN FELIPE|SAN FELIPE
SAN MARCELINO|SAN MARCELINO
SAN NARCISO|SAN NARCISO
SUBIC|SUBIC
BALER|BALER
CASIGURAN|CASIGURAN
DILASAG|DILASAG
DINALUNGAN|DINALUNGAN
DINGALAN|DINGALAN
DIPACULAO|DIPACULAO
MARIA AURORA|MARIA AURORA
AGONCILLO|AGONCILLO
ALITAGTAG|ALITAGTAG
BALAYAN|BALAYAN
BALETE|BALETE
BATANGAS CITY|BATANGAS CITY
BAUAN|BAUAN
CALACA|CALACA
CALATAGAN|CALATAGAN
CUENCA|CUENCA
IBAAN|IBAAN
LAUREL|LAUREL
LEMERY|LEMERY
LIAN|LIAN
LIPA CITY|LIPA CITY
LOBO|LOBO
MALVAR|MALVAR
NASUGBU|NASUGBU
PADRE GARCIA|PADRE GARCIA
SAN PASCUAL|SAN PASCUAL
TAAL|TAAL
TALISAY|TALISAY
TAYSAN|TAYSAN
TINGLOY|TINGLOY
TUY|TUY
ALFONSO|ALFONSO
AMADEO|AMADEO
BACOOR|BACOOR
CARMONA|CARMONA
CAVITE CITY|CAVITE CITY
GENERAL EMILIO AGUINALDO|GENERAL EMILIO AGUINALDO
GENERAL TRIAS|GENERAL TRIAS
IMUS|IMUS
INDANG|INDANG
KAWIT|KAWIT
MAGALLANES|MAGALLANES
MARAGONDON|MARAGONDON
MENDEZ|MENDEZ
NAIC|NAIC
NOVELETA|NOVELETA
SILANG|SILANG
TAGAYTAY CITY|TAGAYTAY CITY
TANZA|TANZA
TERNATE|TERNATE
TRECE MARTIRES CITY|TRECE MARTIRES CITY
ALAMINOS|ALAMINOS
BAY|BAY
CABUYAO|CABUYAO
CALAUAN|CALAUAN
CAVINTI|CAVINTI
FAMY|FAMY
KALAYAAN|KALAYAAN
LILIW|LILIW
LOS BAOS|LOS BAOS
LUISIANA|LUISIANA
LUMBAN|LUMBAN
MABITAC|MABITAC
MAGDALENA|MAGDALENA
MAJAYJAY|MAJAYJAY
NAGCARLAN|NAGCARLAN
PAETE|PAETE
PAGSANJAN|PAGSANJAN
PAKIL|PAKIL
PANGIL|PANGIL
PILA|PILA
SAN PABLO CITY|SAN PABLO CITY
SAN PEDRO|SAN PEDRO
SINILOAN|SINILOAN
AGDANGAN|AGDANGAN
ALABAT|ALABAT
ATIMONAN|ATIMONAN
BUENAVISTA|BUENAVISTA
BURDEOS|BURDEOS
CALAUAG|CALAUAG
CATANAUAN|CATANAUAN
DOLORES|DOLORES
GENERAL LUNA|GENERAL LUNA
GENERAL NAKAR|GENERAL NAKAR
GUINAYANGAN|GUINAYANGAN
GUMACA|GUMACA
JOMALIG|JOMALIG
LOPEZ|LOPEZ
LUCBAN|LUCBAN
LUCENA CITY|LUCENA CITY
MACALELON|MACALELON
MAUBAN|MAUBAN
MULANAY|MULANAY
PADRE BURGOS|PADRE BURGOS
PAGBILAO|PAGBILAO
PANUKULAN|PANUKULAN
PATNANUNGAN|PATNANUNGAN
PEREZ|PEREZ
PITOGO|PITOGO
POLILLO|POLILLO
REAL|REAL
SAMPALOC|SAMPALOC
SAN ANDRES|SAN ANDRES
SAN FRANCISCO|SAN FRANCISCO
SARIAYA|SARIAYA
TAGKAWAYAN|TAGKAWAYAN
TIAONG|TIAONG
UNISAN|UNISAN
ANGONO|ANGONO
BARAS|BARAS
BINANGONAN|BINANGONAN
CAINTA|CAINTA
CARDONA|CARDONA
JALA-JALA|JALA-JALA
RODRIGUEZ|RODRIGUEZ
PILILLA|PILILLA
TANAY|TANAY
TAYTAY|TAYTAY
TERESA|TERESA
BACACAY|BACACAY
CAMALIG|CAMALIG
DARAGA|DARAGA
GUINOBATAN|GUINOBATAN
JOVELLAR|JOVELLAR
LEGAZPI CITY|LEGAZPI CITY
LIBON|LIBON
MALILIPOT|MALILIPOT
MALINAO|MALINAO
MANITO|MANITO
OAS|OAS
PIO DURAN|PIO DURAN
POLANGUI|POLANGUI
RAPU-RAPU|RAPU-RAPU
TIWI|TIWI
BASUD|BASUD
CAPALONGA|CAPALONGA
DAET|DAET
SAN LORENZO RUIZ|SAN LORENZO RUIZ
JOSE PANGANIBAN|JOSE PANGANIBAN
LABO|LABO
MERCEDES|MERCEDES
PARACALE|PARACALE
SANTA ELENA|SANTA ELENA
VINZONS|VINZONS
BAAO|BAAO
BALATAN|BALATAN
BATO|BATO
BOMBON|BOMBON
BUHI|BUHI
BULA|BULA
CABUSAO|CABUSAO
CALABANGA|CALABANGA
CAMALIGAN|CAMALIGAN
CANAMAN|CANAMAN
CARAMOAN|CARAMOAN
DEL GALLEGO|DEL GALLEGO
GAINZA|GAINZA
GARCHITORENA|GARCHITORENA
GOA|GOA
IRIGA CITY|IRIGA CITY
LAGONOY|LAGONOY
LIBMANAN|LIBMANAN
LUPI|LUPI
MAGARAO|MAGARAO
MILAOR|MILAOR
MINALABAC|MINALABAC
NABUA|NABUA
NAGA CITY|NAGA CITY
OCAMPO|OCAMPO
PASACAO|PASACAO
PILI|PILI
PRESENTACION|PRESENTACION
RAGAY|RAGAY
SAN FERNANDO|SAN FERNANDO
SIPOCOT|SIPOCOT
SIRUMA|SIRUMA
TIGAON|TIGAON
TINAMBAC|TINAMBAC
BAGAMANOC|BAGAMANOC
CARAMORAN|CARAMORAN
GIGMOTO|GIGMOTO
PANDAN|PANDAN
PANGANIBAN|PANGANIBAN
VIGA|VIGA
VIRAC|VIRAC
AROROY|AROROY
BALENO|BALENO
BALUD|BALUD
BATUAN|BATUAN
CATAINGAN|CATAINGAN
CAWAYAN|CAWAYAN
DIMASALANG|DIMASALANG
ESPERANZA|ESPERANZA
MANDAON|MANDAON
MILAGROS|MILAGROS
MOBO|MOBO
MONREAL|MONREAL
PALANAS|PALANAS
PIO V. CORPUZ|PIO V. CORPUZ
PLACER|PLACER
USON|USON
BARCELONA|BARCELONA
BULAN|BULAN
BULUSAN|BULUSAN
CASTILLA|CASTILLA
DONSOL|DONSOL
GUBAT|GUBAT
IROSIN|IROSIN
JUBAN|JUBAN
MATNOG|MATNOG
PRIETO DIAZ|PRIETO DIAZ
SANTA MAGDALENA|SANTA MAGDALENA
ALTAVAS|ALTAVAS
BANGA|BANGA
BATAN|BATAN
BURUANGA|BURUANGA
IBAJAY|IBAJAY
KALIBO|KALIBO
LEZO|LEZO
LIBACAO|LIBACAO
MADALAG|MADALAG
MAKATO|MAKATO
MALAY|MALAY
NABAS|NABAS
NEW WASHINGTON|NEW WASHINGTON
NUMANCIA|NUMANCIA
TANGALAN|TANGALAN
ANINI-Y|ANINI-Y
BARBAZA|BARBAZA
BELISON|BELISON
BUGASONG|BUGASONG
CALUYA|CALUYA
CULASI|CULASI
TOBIAS FORNIER|TOBIAS FORNIER
HAMTIC|HAMTIC
LAUA-AN|LAUA-AN
LIBERTAD|LIBERTAD
PATNONGON|PATNONGON
SAN REMIGIO|SAN REMIGIO
SEBASTE|SEBASTE
SIBALOM|SIBALOM
TIBIAO|TIBIAO
VALDERRAMA|VALDERRAMA
CUARTERO|CUARTERO
DAO|DAO
DUMALAG|DUMALAG
DUMARAO|DUMARAO
IVISAN|IVISAN
JAMINDAN|JAMINDAN
MA-AYON|MA-AYON
MAMBUSAO|MAMBUSAO
PANAY|PANAY
PANITAN|PANITAN
PONTEVEDRA|PONTEVEDRA
PRESIDENT ROXAS|PRESIDENT ROXAS
ROXAS CITY|ROXAS CITY
SAPI-AN|SAPI-AN
SIGMA|SIGMA
TAPAZ|TAPAZ
AJUY|AJUY
ALIMODIAN|ALIMODIAN
ANILAO|ANILAO
BADIANGAN|BADIANGAN
BALASAN|BALASAN
BANATE|BANATE
BAROTAC NUEVO|BAROTAC NUEVO
BAROTAC VIEJO|BAROTAC VIEJO
BATAD|BATAD
BINGAWAN|BINGAWAN
CALINOG|CALINOG
CARLES|CARLES
DINGLE|DINGLE
DUMANGAS|DUMANGAS
ESTANCIA|ESTANCIA
GUIMBAL|GUIMBAL
IGBARAS|IGBARAS
ILOILO CITY|ILOILO CITY
JANIUAY|JANIUAY
LAMBUNAO|LAMBUNAO
LEGANES|LEGANES
LEON|LEON
MAASIN|MAASIN
MIAGAO|MIAGAO
MINA|MINA
NEW LUCENA|NEW LUCENA
OTON|OTON
PAVIA|PAVIA
POTOTAN|POTOTAN
SAN DIONISIO|SAN DIONISIO
SAN ENRIQUE|SAN ENRIQUE
SAN JOAQUIN|SAN JOAQUIN
SARA|SARA
TIGBAUAN|TIGBAUAN
TUBUNGAN|TUBUNGAN
ZARRAGA|ZARRAGA
BACOLOD CITY|BACOLOD CITY
BAGO CITY|BAGO CITY
BINALBAGAN|BINALBAGAN
CADIZ CITY|CADIZ CITY
CALATRAVA|CALATRAVA
CANDONI|CANDONI
CAUAYAN|CAUAYAN
HINIGARAN|HINIGARAN
HINOBA-AN|HINOBA-AN
ILOG|ILOG
ISABELA|ISABELA
LA CARLOTA CITY|LA CARLOTA CITY
LA CASTELLANA|LA CASTELLANA
MANAPLA|MANAPLA
MOISES PADILLA|MOISES PADILLA
MURCIA|MURCIA
PULUPANDAN|PULUPANDAN
SAGAY CITY|SAGAY CITY
SILAY CITY|SILAY CITY
TOBOSO|TOBOSO
VALLADOLID|VALLADOLID
SALVADOR BENEDICTO|SALVADOR BENEDICTO
JORDAN|JORDAN
NUEVA VALENCIA|NUEVA VALENCIA
SAN LORENZO|SAN LORENZO
SIBUNAG|SIBUNAG
ANTEQUERA|ANTEQUERA
BACLAYON|BACLAYON
BALILIHAN|BALILIHAN
BILAR|BILAR
CALAPE|CALAPE
CANDIJAY|CANDIJAY
CARMEN|CARMEN
CATIGBIAN|CATIGBIAN
CLARIN|CLARIN
CORELLA|CORELLA
CORTES|CORTES
DAGOHOY|DAGOHOY
DANAO|DANAO
DAUIS|DAUIS
DIMIAO|DIMIAO
DUERO|DUERO
GARCIA HERNANDEZ|GARCIA HERNANDEZ
GUINDULMAN|GUINDULMAN
INABANGA|INABANGA
JAGNA|JAGNA
JETAFE|JETAFE
LILA|LILA
LOAY|LOAY
LOBOC|LOBOC
LOON|LOON
MARIBOJOC|MARIBOJOC
PANGLAO|PANGLAO
PRES. CARLOS P. GARCIA|PRES. CARLOS P. GARCIA
SAGBAYAN|SAGBAYAN
SEVILLA|SEVILLA
SIERRA BULLONES|SIERRA BULLONES
SIKATUNA|SIKATUNA
TAGBILARAN CITY|TAGBILARAN CITY
TALIBON|TALIBON
TRINIDAD|TRINIDAD
TUBIGON|TUBIGON
UBAY|UBAY
VALENCIA|VALENCIA
BIEN UNIDO|BIEN UNIDO
ALCANTARA|ALCANTARA
ALCOY|ALCOY
ALEGRIA|ALEGRIA
ALOGUINSAN|ALOGUINSAN
ARGAO|ARGAO
ASTURIAS|ASTURIAS
BADIAN|BADIAN
BALAMBAN|BALAMBAN
BANTAYAN|BANTAYAN
BARILI|BARILI
BOLJOON|BOLJOON
BORBON|BORBON
CATMON|CATMON
CEBU CITY|CEBU CITY
COMPOSTELA|COMPOSTELA
CONSOLACION|CONSOLACION
CORDOBA|CORDOBA
DAANBANTAYAN|DAANBANTAYAN
DALAGUETE|DALAGUETE
DANAO CITY|DANAO CITY
DUMANJUG|DUMANJUG
GINATILAN|GINATILAN
LAPU-LAPU CITY|LAPU-LAPU CITY
LILOAN|LILOAN
MADRIDEJOS|MADRIDEJOS
MALABUYOC|MALABUYOC
MANDAUE CITY|MANDAUE CITY
MEDELLIN|MEDELLIN
MINGLANILLA|MINGLANILLA
MOALBOAL|MOALBOAL
OSLOB|OSLOB
PINAMUNGAHAN|PINAMUNGAHAN
PORO|PORO
RONDA|RONDA
SAMBOAN|SAMBOAN
SANTANDER|SANTANDER
SIBONGA|SIBONGA
SOGOD|SOGOD
TABOGON|TABOGON
TABUELAN|TABUELAN
TOLEDO CITY|TOLEDO CITY
TUBURAN|TUBURAN
TUDELA|TUDELA
AMLAN|AMLAN
AYUNGON|AYUNGON
BACONG|BACONG
BAIS CITY|BAIS CITY
BASAY|BASAY
BINDOY|BINDOY
CANLAON CITY|CANLAON CITY
DAUIN|DAUIN
DUMAGUETE CITY|DUMAGUETE CITY
JIMALALUD|JIMALALUD
LA LIBERTAD|LA LIBERTAD
MABINAY|MABINAY
MANJUYOD|MANJUYOD
SIATON|SIATON
SIBULAN|SIBULAN
TAYASAN|TAYASAN
VALLEHERMOSO|VALLEHERMOSO
ZAMBOANGUITA|ZAMBOANGUITA
ENRIQUE VILLANUEVA|ENRIQUE VILLANUEVA
LARENA|LARENA
LAZI|LAZI
MARIA|MARIA
SIQUIJOR|SIQUIJOR
ARTECHE|ARTECHE
BALANGIGA|BALANGIGA
BALANGKAYAN|BALANGKAYAN
CAN-AVID|CAN-AVID
GENERAL MACARTHUR|GENERAL MACARTHUR
GIPORLOS|GIPORLOS
GUIUAN|GUIUAN
HERNANI|HERNANI
JIPAPAD|JIPAPAD
LAWAAN|LAWAAN
LLORENTE|LLORENTE
MASLOG|MASLOG
MAYDOLONG|MAYDOLONG
ORAS|ORAS
QUINAPONDAN|QUINAPONDAN
SAN JULIAN|SAN JULIAN
SAN POLICARPO|SAN POLICARPO
SULAT|SULAT
TAFT|TAFT
ABUYOG|ABUYOG
ALANGALANG|ALANGALANG
ALBUERA|ALBUERA
BABATNGON|BABATNGON
BARUGO|BARUGO
BURAUEN|BURAUEN
CALUBIAN|CALUBIAN
CAPOOCAN|CAPOOCAN
CARIGARA|CARIGARA
DAGAMI|DAGAMI
DULAG|DULAG
HILONGOS|HILONGOS
HINDANG|HINDANG
INOPACAN|INOPACAN
ISABEL|ISABEL
JARO|JARO
JAVIER|JAVIER
JULITA|JULITA
KANANGA|KANANGA
LEYTE|LEYTE
MACARTHUR|MACARTHUR
MAHAPLAG|MAHAPLAG
MATAG-OB|MATAG-OB
MATALOM|MATALOM
MAYORGA|MAYORGA
MERIDA|MERIDA
ORMOC CITY|ORMOC CITY
PALO|PALO
PALOMPON|PALOMPON
PASTRANA|PASTRANA
TABANGO|TABANGO
TABONTABON|TABONTABON
TACLOBAN CITY|TACLOBAN CITY
TANAUAN|TANAUAN
TOLOSA|TOLOSA
TUNGA|TUNGA
VILLABA|VILLABA
ALLEN|ALLEN
BIRI|BIRI
BOBON|BOBON
CAPUL|CAPUL
CATARMAN|CATARMAN
CATUBIG|CATUBIG
GAMAY|GAMAY
LAOANG|LAOANG
LAPINIG|LAPINIG
LAS NAVAS|LAS NAVAS
LAVEZARES|LAVEZARES
MAPANAS|MAPANAS
MONDRAGON|MONDRAGON
PALAPAG|PALAPAG
PAMBUJAN|PAMBUJAN
SAN ROQUE|SAN ROQUE
SILVINO LOBOS|SILVINO LOBOS
LOPE DE VEGA|LOPE DE VEGA
ALMAGRO|ALMAGRO
BASEY|BASEY
CALBAYOG CITY|CALBAYOG CITY
CALBIGA|CALBIGA
DARAM|DARAM
GANDARA|GANDARA
HINABANGAN|HINABANGAN
JIABONG|JIABONG
MARABUT|MARABUT
MATUGUINAO|MATUGUINAO
MOTIONG|MOTIONG
PINABACDAO|PINABACDAO
SAN JOSE DE BUAN|SAN JOSE DE BUAN
SAN SEBASTIAN|SAN SEBASTIAN
SANTA MARGARITA|SANTA MARGARITA
TALALORA|TALALORA
TARANGNAN|TARANGNAN
VILLAREAL|VILLAREAL
PARANAS|PARANAS
ZUMARRAGA|ZUMARRAGA
TAGAPUL-AN|TAGAPUL-AN
SAN JORGE|SAN JORGE
PAGSANGHAN|PAGSANGHAN
ANAHAWAN|ANAHAWAN
BONTOC|BONTOC
HINUNANGAN|HINUNANGAN
HINUNDAYAN|HINUNDAYAN
LIBAGON|LIBAGON
MACROHON|MACROHON
MALITBOG|MALITBOG
PINTUYAN|PINTUYAN
SAINT BERNARD|SAINT BERNARD
SAN RICARDO|SAN RICARDO
SILAGO|SILAGO
TOMAS OPPUS|TOMAS OPPUS
LIMASAWA|LIMASAWA
ALMERIA|ALMERIA
BILIRAN|BILIRAN
CABUCGAYAN|CABUCGAYAN
CAIBIRAN|CAIBIRAN
CULABA|CULABA
KAWAYAN|KAWAYAN
MARIPIPI|MARIPIPI
NAVAL|NAVAL
DAPITAN CITY|DAPITAN CITY
DIPOLOG CITY|DIPOLOG CITY
KATIPUNAN|KATIPUNAN
LABASON|LABASON
LILOY|LILOY
MANUKAN|MANUKAN
MUTIA|MUTIA
POLANCO|POLANCO
PRES. MANUEL A. ROXAS|PRES. MANUEL A. ROXAS
SALUG|SALUG
SIAYAN|SIAYAN
SIBUCO|SIBUCO
SIBUTAD|SIBUTAD
SINDANGAN|SINDANGAN
SIOCON|SIOCON
SIRAWAI|SIRAWAI
TAMPILISAN|TAMPILISAN
JOSE DALMAN|JOSE DALMAN
GUTALAC|GUTALAC
BALIGUIAN|BALIGUIAN
GODOD|GODOD
BACUNGAN|BACUNGAN
KALAWIT|KALAWIT
BAYOG|BAYOG
DIMATALING|DIMATALING
DINAS|DINAS
DUMALINAO|DUMALINAO
DUMINGAG|DUMINGAG
KUMALARANG|KUMALARANG
LABANGAN|LABANGAN
LAPUYAN|LAPUYAN
MAHAYAG|MAHAYAG
MARGOSATUBIG|MARGOSATUBIG
MIDSALIP|MIDSALIP
MOLAVE|MOLAVE
PAGADIAN CITY|PAGADIAN CITY
RAMON MAGSAYSAY|RAMON MAGSAYSAY
TABINA|TABINA
TAMBULIG|TAMBULIG
TUKURAN|TUKURAN
ZAMBOANGA CITY|ZAMBOANGA CITY
LAKEWOOD|LAKEWOOD
JOSEFINA|JOSEFINA
SOMINOT|SOMINOT
VINCENZO A. SAGUN|VINCENZO A. SAGUN
GUIPOS|GUIPOS
TIGBAO|TIGBAO
BUUG|BUUG
DIPLAHAN|DIPLAHAN
IMELDA|IMELDA
IPIL|IPIL
KABASALAN|KABASALAN
MABUHAY|MABUHAY
MALANGAS|MALANGAS
NAGA|NAGA
OLUTANGA|OLUTANGA
PAYAO|PAYAO
ROSELLER LIM|ROSELLER LIM
SIAY|SIAY
TALUSAN|TALUSAN
TITAY|TITAY
TUNGAWAN|TUNGAWAN
ISABELA CITY|ISABELA CITY
BAUNGON|BAUNGON
DAMULOG|DAMULOG
DANGCAGAN|DANGCAGAN
DON CARLOS|DON CARLOS
IMPASUG-ONG|IMPASUG-ONG
KADINGILAN|KADINGILAN
KALILANGAN|KALILANGAN
KIBAWE|KIBAWE
KITAOTAO|KITAOTAO
LANTAPAN|LANTAPAN
LIBONA|LIBONA
MANOLO FORTICH|MANOLO FORTICH
MARAMAG|MARAMAG
PANGANTUCAN|PANGANTUCAN
SUMILAO|SUMILAO
TALAKAG|TALAKAG
CABANGLASAN|CABANGLASAN
GUINSILIBAN|GUINSILIBAN
MAHINOG|MAHINOG
MAMBAJAO|MAMBAJAO
SAGAY|SAGAY
BACOLOD|BACOLOD
BALOI|BALOI
BAROY|BAROY
ILIGAN CITY|ILIGAN CITY
KAPATAGAN|KAPATAGAN
SULTAN NAGA DIMAPORO|SULTAN NAGA DIMAPORO
KAUSWAGAN|KAUSWAGAN
KOLAMBUGAN|KOLAMBUGAN
LALA|LALA
LINAMON|LINAMON
MAGSAYSAY|MAGSAYSAY
MAIGO|MAIGO
MATUNGAO|MATUNGAO
MUNAI|MUNAI
NUNUNGAN|NUNUNGAN
PANTAO RAGAT|PANTAO RAGAT
POONA PIAGAPO|POONA PIAGAPO
SALVADOR|SALVADOR
SAPAD|SAPAD
TAGOLOAN|TAGOLOAN
TANGCAL|TANGCAL
TUBOD|TUBOD
PANTAR|PANTAR
ALORAN|ALORAN
BALIANGAO|BALIANGAO
BONIFACIO|BONIFACIO
CALAMBA|CALAMBA
JIMENEZ|JIMENEZ
LOPEZ JAENA|LOPEZ JAENA
OROQUIETA CITY|OROQUIETA CITY
OZAMIS CITY|OZAMIS CITY
PANAON|PANAON
SAPANG DALAGA|SAPANG DALAGA
SINACABAN|SINACABAN
TANGUB CITY|TANGUB CITY
DON VICTORIANO CHIONGBIAN|DON VICTORIANO CHIONGBIAN
ALUBIJID|ALUBIJID
BALINGASAG|BALINGASAG
BALINGOAN|BALINGOAN
BINUANGAN|BINUANGAN
CAGAYAN DE ORO CITY|CAGAYAN DE ORO CITY
GINGOOG CITY|GINGOOG CITY
GITAGUM|GITAGUM
INITAO|INITAO
JASAAN|JASAAN
KINOGUITAN|KINOGUITAN
LAGONGLONG|LAGONGLONG
LAGUINDINGAN|LAGUINDINGAN
LUGAIT|LUGAIT
MANTICAO|MANTICAO
MEDINA|MEDINA
NAAWAN|NAAWAN
OPOL|OPOL
SALAY|SALAY
SUGBONGCOGON|SUGBONGCOGON
TALISAYAN|TALISAYAN
VILLANUEVA|VILLANUEVA
ASUNCION|ASUNCION
KAPALONG|KAPALONG
NEW CORELLA|NEW CORELLA
TALAINGOD|TALAINGOD
BRAULIO E. DUJALI|BRAULIO E. DUJALI
BANSALAN|BANSALAN
DAVAO CITY|DAVAO CITY
JOSE ABAD SANTOS|JOSE ABAD SANTOS
KIBLAWAN|KIBLAWAN
MALALAG|MALALAG
MALITA|MALITA
MATANAO|MATANAO
PADADA|PADADA
SULOP|SULOP
SARANGANI|SARANGANI
DON MARCELINO|DON MARCELINO
BAGANGA|BAGANGA
BANAYBANAY|BANAYBANAY
BOSTON|BOSTON
CARAGA|CARAGA
CATEEL|CATEEL
GOVERNOR GENEROSO|GOVERNOR GENEROSO
LUPON|LUPON
MANAY|MANAY
TARRAGONA|TARRAGONA
LAAK|LAAK
MACO|MACO
MARAGUSAN|MARAGUSAN
MAWAB|MAWAB
MONKAYO|MONKAYO
MONTEVISTA|MONTEVISTA
NABUNTURAN|NABUNTURAN
NEW BATAAN|NEW BATAAN
PANTUKAN|PANTUKAN
ALAMADA|ALAMADA
KABACAN|KABACAN
LIBUNGAN|LIBUNGAN
MAGPET|MAGPET
MAKILALA|MAKILALA
MATALAM|MATALAM
MIDSAYAP|MIDSAYAP
M'LANG|M'LANG
PIGKAWAYAN|PIGKAWAYAN
PIKIT|PIKIT
TULUNAN|TULUNAN
ANTIPAS|ANTIPAS
BANISILAN|BANISILAN
ALEOSAN|ALEOSAN
ARAKAN|ARAKAN
GENERAL SANTOS CITY|GENERAL SANTOS CITY
NORALA|NORALA
POLOMOLOK|POLOMOLOK
SURALLAH|SURALLAH
TAMPAKAN|TAMPAKAN
TANTANGAN|TANTANGAN
T'BOLI|T'BOLI
TUPI|TUPI
LAKE SEBU|LAKE SEBU
BAGUMBAYAN|BAGUMBAYAN
COLUMBIO|COLUMBIO
ISULAN|ISULAN
KALAMANSIG|KALAMANSIG
LEBAK|LEBAK
LUTAYAN|LUTAYAN
LAMBAYONG|LAMBAYONG
PALIMBANG|PALIMBANG
PRESIDENT QUIRINO|PRESIDENT QUIRINO
SEN. NINOY AQUINO|SEN. NINOY AQUINO
ALABEL|ALABEL
GLAN|GLAN
KIAMBA|KIAMBA
MAASIM|MAASIM
MAITUM|MAITUM
MALAPATAN|MALAPATAN
MALUNGON|MALUNGON
COTABATO CITY|COTABATO CITY
QUEZON CITY|QUEZON CITY
PASAY CITY|PASAY CITY
PATEROS|PATEROS
BANGUED|BANGUED
BOLINEY|BOLINEY
BUCAY|BUCAY
BUCLOC|BUCLOC
DAGUIOMAN|DAGUIOMAN
DANGLAS|DANGLAS
LACUB|LACUB
LAGANGILANG|LAGANGILANG
LAGAYAN|LAGAYAN
LANGIDEN|LANGIDEN
LICUAN-BAAY|LICUAN-BAAY
LUBA|LUBA
MALIBCONG|MALIBCONG
MANABO|MANABO
PEARRUBIA|PEARRUBIA
PIDIGAN|PIDIGAN
SALLAPADAN|SALLAPADAN
TAYUM|TAYUM
TINEG|TINEG
TUBO|TUBO
VILLAVICIOSA|VILLAVICIOSA
ATOK|ATOK
BAGUIO CITY|BAGUIO CITY
BAKUN|BAKUN
BOKOD|BOKOD
BUGUIAS|BUGUIAS
ITOGON|ITOGON
KABAYAN|KABAYAN
KAPANGAN|KAPANGAN
KIBUNGAN|KIBUNGAN
LA TRINIDAD|LA TRINIDAD
MANKAYAN|MANKAYAN
SABLAN|SABLAN
TUBA|TUBA
TUBLAY|TUBLAY
BANAUE|BANAUE
HUNGDUAN|HUNGDUAN
KIANGAN|KIANGAN
LAGAWE|LAGAWE
LAMUT|LAMUT
MAYOYAO|MAYOYAO
ALFONSO LISTA|ALFONSO LISTA
AGUINALDO|AGUINALDO
HINGYON|HINGYON
TINOC|TINOC
ASIPULO|ASIPULO
BALBALAN|BALBALAN
LUBUAGAN|LUBUAGAN
PASIL|PASIL
PINUKPUK|PINUKPUK
TANUDAN|TANUDAN
TINGLAYAN|TINGLAYAN
BARLIG|BARLIG
BAUKO|BAUKO
BESAO|BESAO
NATONIN|NATONIN
PARACELIS|PARACELIS
SABANGAN|SABANGAN
SADANGA|SADANGA
SAGADA|SAGADA
TADIAN|TADIAN
CALANASAN|CALANASAN
CONNER|CONNER
FLORA|FLORA
KABUGAO|KABUGAO
PUDTOL|PUDTOL
SANTA MARCELA|SANTA MARCELA
LANTAWAN|LANTAWAN
MALUSO|MALUSO
SUMISIP|SUMISIP
TIPO-TIPO|TIPO-TIPO
AKBAR|AKBAR
AL-BARKA|AL-BARKA
HADJI MOHAMMAD AJUL|HADJI MOHAMMAD AJUL
UNGKAYA PUKAN|UNGKAYA PUKAN
BALABAGAN|BALABAGAN
BALINDONG|BALINDONG
BAYANG|BAYANG
BINIDAYAN|BINIDAYAN
BUBONG|BUBONG
BUTIG|BUTIG
GANASSI|GANASSI
KAPAI|KAPAI
LUMBA-BAYABAO|LUMBA-BAYABAO
LUMBATAN|LUMBATAN
MADALUM|MADALUM
MADAMBA|MADAMBA
MALABANG|MALABANG
MARANTAO|MARANTAO
MARAWI CITY|MARAWI CITY
MASIU|MASIU
MULONDO|MULONDO
PAGAYAWAN|PAGAYAWAN
PIAGAPO|PIAGAPO
POONA BAYABAO|POONA BAYABAO
PUALAS|PUALAS
DITSAAN-RAMAIN|DITSAAN-RAMAIN
SAGUIARAN|SAGUIARAN
TAMPARAN|TAMPARAN
TARAKA|TARAKA
TUBARAN|TUBARAN
TUGAYA|TUGAYA
WAO|WAO
MAROGONG|MAROGONG
CALANOGAS|CALANOGAS
BUADIPOSO-BUNTONG|BUADIPOSO-BUNTONG
MAGUING|MAGUING
PICONG|PICONG
LUMBAYANAGUE|LUMBAYANAGUE
BUMBARAN|BUMBARAN
TAGOLOAN II|TAGOLOAN II
SULTAN DUMALONDONG|SULTAN DUMALONDONG
AMPATUAN|AMPATUAN
BULDON|BULDON
BULUAN|BULUAN
DATU PAGLAS|DATU PAGLAS
DATU PIANG|DATU PIANG
DATU ODIN SINSUAT|DATU ODIN SINSUAT
SHARIFF AGUAK|SHARIFF AGUAK
MATANOG|MATANOG
PAGALUNGAN|PAGALUNGAN
PARANG|PARANG
SULTAN KUDARAT|SULTAN KUDARAT
SULTAN SA BARONGIS|SULTAN SA BARONGIS
KABUNTALAN|KABUNTALAN
UPI|UPI
TALAYAN|TALAYAN
SOUTH UPI|SOUTH UPI
BARIRA|BARIRA
GEN. S. K. PENDATUN|GEN. S. K. PENDATUN
MAMASAPANO|MAMASAPANO
TALITAY|TALITAY
PAGAGAWAN|PAGAGAWAN
PAGLAT|PAGLAT
SULTAN MASTURA|SULTAN MASTURA
GUINDULUNGAN|GUINDULUNGAN
DATU SAUDI-AMPATUAN|DATU SAUDI-AMPATUAN
DATU UNSAY|DATU UNSAY
RAJAH BUAYAN|RAJAH BUAYAN
DATU BLAH T. SINSUAT|DATU BLAH T. SINSUAT
DATU ANGGAL MIDTIMBANG|DATU ANGGAL MIDTIMBANG
MANGUDADATU|MANGUDADATU
PANDAG|PANDAG
NORTHERN KABUNTALAN|NORTHERN KABUNTALAN
INDANAN|INDANAN
JOLO|JOLO
KALINGALAN CALUANG|KALINGALAN CALUANG
LUUK|LUUK
MAIMBUNG|MAIMBUNG
HADJI PANGLIMA TAHIL|HADJI PANGLIMA TAHIL
OLD PANAMAO|OLD PANAMAO
PANGUTARAN|PANGUTARAN
PATA|PATA
PATIKUL|PATIKUL
SIASI|SIASI
TALIPAO|TALIPAO
TAPUL|TAPUL
TONGKIL|TONGKIL
PANGLIMA ESTINO|PANGLIMA ESTINO
LUGUS|LUGUS
PANDAMI|PANDAMI
PANGLIMA SUGALA|PANGLIMA SUGALA
BONGAO|BONGAO
MAPUN|MAPUN
SIMUNUL|SIMUNUL
SITANGKAI|SITANGKAI
SOUTH UBIAN|SOUTH UBIAN
TANDUBAS|TANDUBAS
TURTLE ISLANDS|TURTLE ISLANDS
LANGUYAN|LANGUYAN
SAPA-SAPA|SAPA-SAPA
SIBUTU|SIBUTU
BUTUAN CITY|BUTUAN CITY
JABONGA|JABONGA
KITCHARAO|KITCHARAO
LAS NIEVES|LAS NIEVES
NASIPIT|NASIPIT
TUBAY|TUBAY
REMEDIOS T. ROMUALDEZ|REMEDIOS T. ROMUALDEZ
BUNAWAN|BUNAWAN
LORETO|LORETO
PROSPERIDAD|PROSPERIDAD
SANTA JOSEFA|SANTA JOSEFA
TALACOGON|TALACOGON
TRENTO|TRENTO
VERUELA|VERUELA
SIBAGAT|SIBAGAT
BACUAG|BACUAG
CLAVER|CLAVER
DAPA|DAPA
DEL CARMEN|DEL CARMEN
GIGAQUIT|GIGAQUIT
MAINIT|MAINIT
MALIMONO|MALIMONO
SAN BENITO|SAN BENITO
SANTA MONICA|SANTA MONICA
SOCORRO|SOCORRO
SURIGAO CITY|SURIGAO CITY
TAGANA-AN|TAGANA-AN
BAROBO|BAROBO
BAYABAS|BAYABAS
CAGWAIT|CAGWAIT
CANTILAN|CANTILAN
CARRASCAL|CARRASCAL
HINATUAN|HINATUAN
LANUZA|LANUZA
LIANGA|LIANGA
LINGIG|LINGIG
MADRID|MADRID
MARIHATAG|MARIHATAG
TAGBINA|TAGBINA
TAGO|TAGO
BASILISA|BASILISA
CAGDIANAO|CAGDIANAO
DINAGAT|DINAGAT
LIBJO|LIBJO
TUBAJON|TUBAJON
BOAC|BOAC
GASAN|GASAN
MOGPOG|MOGPOG
TORRIJOS|TORRIJOS
ABRA DE ILOG|ABRA DE ILOG
CALINTAAN|CALINTAAN
LOOC|LOOC
LUBANG|LUBANG
MAMBURAO|MAMBURAO
PALUAN|PALUAN
SABLAYAN|SABLAYAN
BACO|BACO
BANSUD|BANSUD
BONGABONG|BONGABONG
BULALACAO|BULALACAO
GLORIA|GLORIA
MANSALAY|MANSALAY
NAUJAN|NAUJAN
PINAMALAYAN|PINAMALAYAN
POLA|POLA
PUERTO GALERA|PUERTO GALERA
SAN TEODORO|SAN TEODORO
ABORLAN|ABORLAN
AGUTAYA|AGUTAYA
ARACELI|ARACELI
BALABAC|BALABAC
BATARAZA|BATARAZA
BROOKE'S POINT|BROOKE'S POINT
BUSUANGA|BUSUANGA
CAGAYANCILLO|CAGAYANCILLO
CORON|CORON
CUYO|CUYO
DUMARAN|DUMARAN
EL NIDO|EL NIDO
LINAPACAN|LINAPACAN
NARRA|NARRA
PUERTO PRINCESA CITY|PUERTO PRINCESA CITY
CULION|CULION
BANTON|BANTON
CAJIDIOCAN|CAJIDIOCAN
CORCUERA|CORCUERA
MAGDIWANG|MAGDIWANG
ODIONGAN|ODIONGAN
ROMBLON|ROMBLON
FERROL|FERROL
